full_path,relative_path,dir,filename,ext,jav_code
D:\hide\Ecchi no Folder Ni\mediahub D drive\CESD-298 Back Icha LOVE Drinker Date Miho Tsuno - Miho.ts,CESD-298 Back Icha LOVE Drinker Date Miho Tsuno - Miho.ts,D:\hide\Ecchi no Folder Ni\mediahub D drive,CESD-298 Back Icha LOVE Drinker Date Miho Tsuno - Miho.ts,.ts,CESD-298
"D:\hide\Ecchi no Folder Ni\mediahub D drive\JJDA-021 Miho Tono, a full-time housewife with a gentle.ts","JJDA-021 Miho Tono, a full-time housewife with a gentle.ts",D:\hide\Ecchi no Folder Ni\mediahub D drive,"JJDA-021 Miho Tono, a full-time housewife with a gentle.ts",.ts,JJDA-021
"D:\hide\Ecchi no Folder Ni\mediahub D drive\JUQ-172 Ayaka Muto, A Bullied play Who Was NTRed By A C.ts","JUQ-172 Ayaka Muto, A Bullied play Who Was NTRed By A C.ts",D:\hide\Ecchi no Folder Ni\mediahub D drive,"JUQ-172 Ayaka Muto, A Bullied play Who Was NTRed By A C.ts",.ts,JUQ-172
D:\hide\Ecchi no Folder Ni\mediahub D drive\JUQ-977 Intimate Sex - I Had a Secret Affair with the Bar Manager at a Late-Night Bar - Ayaka Muto.ts,JUQ-977 Intimate Sex - I Had a Secret Affair with the Bar Manager at a Late-Night Bar - Ayaka Muto.ts,D:\hide\Ecchi no Folder Ni\mediahub D drive,JUQ-977 Intimate Sex - I Had a Secret Affair with the Bar Manager at a Late-Night Bar - Ayaka Muto.ts,.ts,JUQ-977
D:\hide\Ecchi no Folder Ni\mediahub D drive\NGOD-144 Convenience store headquarters woman 4 Miho Tono.ts,NGOD-144 Convenience store headquarters woman 4 Miho Tono.ts,D:\hide\Ecchi no Folder Ni\mediahub D drive,NGOD-144 Convenience store headquarters woman 4 Miho Tono.ts,.ts,NGOD-144
E:\hide\Ecchi no Folder\mediahub E drive\GVH-192 Forbidden Care Kana Morisawa - JAV Online HPJAV.mp4,GVH-192 Forbidden Care Kana Morisawa - JAV Online HPJAV.mp4,E:\hide\Ecchi no Folder\mediahub E drive,GVH-192 Forbidden Care Kana Morisawa - JAV Online HPJAV.mp4,.mp4,GVH-192
"E:\hide\Ecchi no Folder\mediahub E drive\Gvh-473 Kana Morisawa, A Beautiful Secretary Who Contin.m4v","Gvh-473 Kana Morisawa, A Beautiful Secretary Who Contin.m4v",E:\hide\Ecchi no Folder\mediahub E drive,"Gvh-473 Kana Morisawa, A Beautiful Secretary Who Contin.m4v",.m4v,GVH-473
E:\hide\Ecchi no Folder\mediahub E drive\Juq-184 I Was A Female Boss's -Reverse- Compliant Pet K Kana Morisawa.m4v,Juq-184 I Was A Female Boss's -Reverse- Compliant Pet K Kana Morisawa.m4v,E:\hide\Ecchi no Folder\mediahub E drive,Juq-184 I Was A Female Boss's -Reverse- Compliant Pet K Kana Morisawa.m4v,.m4v,JUQ-184
E:\hide\Ecchi no Folder\mediahub E drive\Juy-327 Married Woman In The Opposite Room Mio Kimishima.m4v,Juy-327 Married Woman In The Opposite Room Mio Kimishima.m4v,E:\hide\Ecchi no Folder\mediahub E drive,Juy-327 Married Woman In The Opposite Room Mio Kimishima.m4v,.m4v,JUY-327
E:\hide\Ecchi no Folder\mediahub E drive\Miae-204 Extreme Back Options Rolled Up Until The Husband Kimishima Mio.m4v,Miae-204 Extreme Back Options Rolled Up Until The Husband Kimishima Mio.m4v,E:\hide\Ecchi no Folder\mediahub E drive,Miae-204 Extreme Back Options Rolled Up Until The Husband Kimishima Mio.m4v,.m4v,MIAE-204
E:\hide\Ecchi no Folder\mediahub E drive\Mimk-071 Cuckold Daydream Syndrome Mio Kimijima - Kimishima Mio.m4v,Mimk-071 Cuckold Daydream Syndrome Mio Kimijima - Kimishima Mio.m4v,E:\hide\Ecchi no Folder\mediahub E drive,Mimk-071 Cuckold Daydream Syndrome Mio Kimijima - Kimishima Mio.m4v,.m4v,MIMK-071
E:\hide\Ecchi no Folder\mediahub E drive\Nafz-001 'For You...' ~A Faithful Wife's Immoral Sex. Mio Kimijima - Kimishima Mio.m4v,Nafz-001 'For You...' ~A Faithful Wife's Immoral Sex. Mio Kimijima - Kimishima Mio.m4v,E:\hide\Ecchi no Folder\mediahub E drive,Nafz-001 'For You...' ~A Faithful Wife's Immoral Sex. Mio Kimijima - Kimishima Mio.m4v,.m4v,NAFZ-001
E:\hide\Ecchi no Folder\mediahub E drive\Xrw-464 Married Woman's Base Mio Kimijima - Kimishima Mio.m4v,Xrw-464 Married Woman's Base Mio Kimijima - Kimishima Mio.m4v,E:\hide\Ecchi no Folder\mediahub E drive,Xrw-464 Married Woman's Base Mio Kimijima - Kimishima Mio.m4v,.m4v,XRW-464
